"","Localidade","Variável","2010","2011","2012","2013","2014","2015","2016","2017","2018"
"1","Abatiá","Índice Ipardes de Desempenho Municipal (IPDM)",0.5641,0.5454,0.5168,0.5385,0.5649,0.6326,0.6323,0.6348,0.6198
"2","Adrianópolis","Índice Ipardes de Desempenho Municipal (IPDM)",0.447,0.5177,0.5422,0.624,0.6134,0.5803,0.597,0.6884,0.6952
"3","Agudos do Sul","Índice Ipardes de Desempenho Municipal (IPDM)",0.4122,0.3904,0.3828,0.4684,0.5418,0.5576,0.5559,0.6134,0.5939
"4","Almirante Tamandaré","Índice Ipardes de Desempenho Municipal (IPDM)",0.4656,0.5009,0.5055,0.5276,0.5312,0.5363,0.5494,0.5906,0.5929
"5","Altamira do Paraná","Índice Ipardes de Desempenho Municipal (IPDM)",0.5275,0.5833,0.5689,0.5907,0.5747,0.63,0.6385,0.6721,0.6911
"6","Alto Paraíso","Índice Ipardes de Desempenho Municipal (IPDM)",0.5167,0.6209,0.6048,0.6376,0.5976,0.591,0.6541,0.6761,0.7153
"7","Alto Paraná","Índice Ipardes de Desempenho Municipal (IPDM)",0.6154,0.6263,0.6153,0.6167,0.6176,0.6217,0.6434,0.6611,0.671
"8","Alto Piquiri","Índice Ipardes de Desempenho Municipal (IPDM)",0.6145,0.5943,0.5308,0.5257,0.5445,0.5827,0.6028,0.6521,0.6904
"9","Altônia","Índice Ipardes de Desempenho Municipal (IPDM)",0.6852,0.6599,0.6476,0.6722,0.6501,0.6356,0.6177,0.6616,0.6831
"10","Alvorada do Sul","Índice Ipardes de Desempenho Municipal (IPDM)",0.5963,0.6024,0.6366,0.6169,0.6314,0.6127,0.6501,0.6873,0.7051
"11","Amaporã","Índice Ipardes de Desempenho Municipal (IPDM)",0.5593,0.5654,0.5318,0.4945,0.5053,0.5385,0.5547,0.6192,0.6251
"12","Ampére","Índice Ipardes de Desempenho Municipal (IPDM)",0.6143,0.6704,0.6651,0.7134,0.7049,0.6723,0.6544,0.6777,0.7305
"13","Anahy","Índice Ipardes de Desempenho Municipal (IPDM)",0.6302,0.6025,0.5484,0.6212,0.6697,0.6908,0.664,0.721,0.7395
"14","Andirá","Índice Ipardes de Desempenho Municipal (IPDM)",0.6566,0.6697,0.6691,0.6626,0.6665,0.6974,0.6818,0.6894,0.6914
"15","Ângulo","Índice Ipardes de Desempenho Municipal (IPDM)",0.6421,0.6095,0.611,0.5935,0.6406,0.6666,0.6873,0.7159,0.734
"16","Antonina","Índice Ipardes de Desempenho Municipal (IPDM)",0.474,0.4545,0.4187,0.4083,0.4621,0.4976,0.4786,0.4834,0.4877
"17","Antônio Olinto","Índice Ipardes de Desempenho Municipal (IPDM)",0.5689,0.5962,0.5671,0.6337,0.6458,0.646,0.6271,0.6391,0.6836
"18","Apucarana","Índice Ipardes de Desempenho Municipal (IPDM)",0.7172,0.729,0.7418,0.7435,0.7469,0.7405,0.7484,0.7546,0.7594
"19","Arapongas","Índice Ipardes de Desempenho Municipal (IPDM)",0.7004,0.7204,0.7183,0.7267,0.7219,0.7176,0.7083,0.7339,0.7478
"20","Arapoti","Índice Ipardes de Desempenho Municipal (IPDM)",0.5804,0.6177,0.602,0.6214,0.6586,0.6846,0.6956,0.7075,0.7171
"21","Arapuã","Índice Ipardes de Desempenho Municipal (IPDM)",0.5289,0.5401,0.5181,0.6104,0.619,0.6852,0.6052,0.6362,0.6445
"22","Araruna","Índice Ipardes de Desempenho Municipal (IPDM)",0.5823,0.6395,0.6442,0.6511,0.6445,0.6623,0.6795,0.73,0.7466
"23","Araucária","Índice Ipardes de Desempenho Municipal (IPDM)",0.6923,0.7121,0.6947,0.7234,0.7345,0.7556,0.7564,0.7722,0.7721
"24","Ariranha do Ivaí","Índice Ipardes de Desempenho Municipal (IPDM)",0.5099,0.6236,0.6311,0.6778,0.6037,0.5485,0.5897,0.6896,0.6094
"25","Assaí","Índice Ipardes de Desempenho Municipal (IPDM)",0.6037,0.6448,0.6106,0.676,0.6858,0.6567,0.6564,0.6937,0.7159
"26","Assis Chateaubriand","Índice Ipardes de Desempenho Municipal (IPDM)",0.6394,0.6438,0.6478,0.688,0.688,0.7017,0.6993,0.7239,0.7321
"27","Astorga","Índice Ipardes de Desempenho Municipal (IPDM)",0.6842,0.6939,0.6904,0.7259,0.7478,0.7438,0.7386,0.7481,0.7379
"28","Atalaia","Índice Ipardes de Desempenho Municipal (IPDM)",0.7168,0.7521,0.7686,0.7847,0.7818,0.7022,0.7143,0.7435,0.7958
"29","Balsa Nova","Índice Ipardes de Desempenho Municipal (IPDM)",0.6301,0.6297,0.5891,0.6581,0.6967,0.7268,0.7217,0.768,0.7673
"30","Bandeirantes","Índice Ipardes de Desempenho Municipal (IPDM)",0.5931,0.6141,0.6317,0.632,0.6515,0.6823,0.693,0.7044,0.6953
"31","Barbosa Ferraz","Índice Ipardes de Desempenho Municipal (IPDM)",0.582,0.5913,0.6356,0.6204,0.6211,0.6206,0.6354,0.642,0.6589
"32","Barra do Jacaré","Índice Ipardes de Desempenho Municipal (IPDM)",0.5582,0.5663,0.6488,0.6366,0.646,0.6941,0.6669,0.6421,0.6429
"33","Barracão","Índice Ipardes de Desempenho Municipal (IPDM)",0.6368,0.6224,0.6221,0.6651,0.6923,0.7177,0.7107,0.7275,0.7323
"34","Bela Vista da Caroba","Índice Ipardes de Desempenho Municipal (IPDM)",0.5913,0.6164,0.5588,0.5401,0.5618,0.5943,0.6305,0.6346,0.6579
"35","Bela Vista do Paraíso","Índice Ipardes de Desempenho Municipal (IPDM)",0.5514,0.5766,0.5762,0.5765,0.5976,0.5676,0.5745,0.6013,0.6179
"36","Bituruna","Índice Ipardes de Desempenho Municipal (IPDM)",0.5898,0.6399,0.635,0.6562,0.678,0.6774,0.6687,0.6925,0.7146
"37","Boa Esperança","Índice Ipardes de Desempenho Municipal (IPDM)",0.652,0.6877,0.7192,0.7596,0.7642,0.7422,0.7339,0.756,0.7523
"38","Boa Esperança do Iguaçu","Índice Ipardes de Desempenho Municipal (IPDM)",0.6415,0.6615,0.6597,0.6273,0.6032,0.6216,0.7186,0.7589,0.7774
"39","Boa Ventura de São Roque","Índice Ipardes de Desempenho Municipal (IPDM)",0.5189,0.4878,0.4469,0.5605,0.5903,0.5604,0.5979,0.6038,0.6551
"40","Boa Vista da Aparecida","Índice Ipardes de Desempenho Municipal (IPDM)",0.5866,0.6026,0.6159,0.6064,0.6148,0.629,0.6636,0.6868,0.6967
"41","Bocaiúva do Sul","Índice Ipardes de Desempenho Municipal (IPDM)",0.3651,0.4325,0.4642,0.4985,0.5538,0.4918,0.5776,0.5291,0.5459
"42","Bom Jesus do Sul","Índice Ipardes de Desempenho Municipal (IPDM)",0.666,0.7119,0.6249,0.6343,0.6184,0.6288,0.6697,0.7069,0.6989
"43","Bom Sucesso","Índice Ipardes de Desempenho Municipal (IPDM)",0.5422,0.573,0.6368,0.6832,0.6659,0.6487,0.6688,0.7052,0.6542
"44","Bom Sucesso do Sul","Índice Ipardes de Desempenho Municipal (IPDM)",0.638,0.5667,0.5599,0.7044,0.7091,0.7256,0.7137,0.7425,0.7409
"45","Borrazópolis","Índice Ipardes de Desempenho Municipal (IPDM)",0.6171,0.6134,0.6079,0.6502,0.6355,0.6507,0.6819,0.7092,0.732
"46","Braganey","Índice Ipardes de Desempenho Municipal (IPDM)",0.615,0.6795,0.593,0.5956,0.5798,0.6211,0.6336,0.6735,0.6601
"47","Brasilândia do Sul","Índice Ipardes de Desempenho Municipal (IPDM)",0.6208,0.6723,0.6364,0.6558,0.6544,0.629,0.6021,0.6049,0.647
"48","Cafeara","Índice Ipardes de Desempenho Municipal (IPDM)",0.6221,0.556,0.559,0.6153,0.6842,0.658,0.6445,0.6343,0.6711
"49","Cafelândia","Índice Ipardes de Desempenho Municipal (IPDM)",0.7687,0.7956,0.7726,0.7622,0.7632,0.7923,0.8029,0.822,0.8193
"50","Cafezal do Sul","Índice Ipardes de Desempenho Municipal (IPDM)",0.6086,0.6305,0.6159,0.629,0.5892,0.5351,0.532,0.5819,0.662
"51","Califórnia","Índice Ipardes de Desempenho Municipal (IPDM)",0.6889,0.6633,0.6679,0.6777,0.706,0.708,0.704,0.7064,0.7036
"52","Cambará","Índice Ipardes de Desempenho Municipal (IPDM)",0.5957,0.5636,0.5702,0.5803,0.6123,0.6128,0.6334,0.6614,0.6897
"53","Cambé","Índice Ipardes de Desempenho Municipal (IPDM)",0.6779,0.6825,0.6825,0.6974,0.6895,0.705,0.7094,0.7394,0.7388
"54","Cambira","Índice Ipardes de Desempenho Municipal (IPDM)",0.676,0.709,0.6898,0.7206,0.7408,0.7623,0.75,0.7257,0.7241
"55","Campina da Lagoa","Índice Ipardes de Desempenho Municipal (IPDM)",0.5583,0.5905,0.6057,0.6401,0.665,0.6876,0.7075,0.7166,0.7114
"56","Campina do Simão","Índice Ipardes de Desempenho Municipal (IPDM)",0.5023,0.4894,0.4764,0.5899,0.5594,0.5991,0.5976,0.7007,0.6845
"57","Campina Grande do Sul","Índice Ipardes de Desempenho Municipal (IPDM)",0.567,0.6132,0.5777,0.6219,0.6274,0.6494,0.6711,0.6683,0.6588
"58","Campo Bonito","Índice Ipardes de Desempenho Municipal (IPDM)",0.593,0.6028,0.6142,0.6402,0.6794,0.6462,0.6672,0.7014,0.7337
"59","Campo do Tenente","Índice Ipardes de Desempenho Municipal (IPDM)",0.4991,0.5134,0.4784,0.5336,0.5934,0.6522,0.6567,0.645,0.6675
"60","Campo Largo","Índice Ipardes de Desempenho Municipal (IPDM)",0.6307,0.666,0.6247,0.681,0.7061,0.7259,0.7222,0.7351,0.7416
"61","Campo Magro","Índice Ipardes de Desempenho Municipal (IPDM)",0.5876,0.5633,0.5835,0.6332,0.6499,0.6637,0.6494,0.7003,0.7108
"62","Campo Mourão","Índice Ipardes de Desempenho Municipal (IPDM)",0.6789,0.6517,0.6785,0.7387,0.768,0.7595,0.7683,0.7989,0.7934
"63","Cândido de Abreu","Índice Ipardes de Desempenho Municipal (IPDM)",0.4587,0.4441,0.3754,0.4229,0.4791,0.506,0.5524,0.6079,0.5754
"64","Candói","Índice Ipardes de Desempenho Municipal (IPDM)",0.58,0.6131,0.5973,0.6085,0.545,0.5613,0.5789,0.6367,0.6753
"65","Cantagalo","Índice Ipardes de Desempenho Municipal (IPDM)",0.4923,0.5006,0.4902,0.525,0.5593,0.557,0.556,0.6014,0.6235
"66","Capanema","Índice Ipardes de Desempenho Municipal (IPDM)",0.6063,0.6054,0.5981,0.6599,0.6698,0.6921,0.7446,0.7628,0.7661
"67","Capitão Leônidas Marques","Índice Ipardes de Desempenho Municipal (IPDM)",0.6117,0.6499,0.6758,0.7286,0.7181,0.7117,0.7054,0.7275,0.728
"68","Carambeí","Índice Ipardes de Desempenho Municipal (IPDM)",0.6708,0.6758,0.6632,0.6716,0.7302,0.7296,0.7143,0.7261,0.7057
"69","Carlópolis","Índice Ipardes de Desempenho Municipal (IPDM)",0.6094,0.6519,0.645,0.6345,0.6451,0.6382,0.6319,0.6735,0.6742
"70","Cascavel","Índice Ipardes de Desempenho Municipal (IPDM)",0.7127,0.7425,0.7453,0.7643,0.7732,0.7796,0.791,0.8038,0.8151
"71","Castro","Índice Ipardes de Desempenho Municipal (IPDM)",0.6178,0.6274,0.6508,0.6499,0.6588,0.6565,0.6558,0.6666,0.6774
"72","Catanduvas","Índice Ipardes de Desempenho Municipal (IPDM)",0.6284,0.588,0.5645,0.6201,0.5938,0.6189,0.6231,0.6453,0.6365
"73","Centenário do Sul","Índice Ipardes de Desempenho Municipal (IPDM)",0.5136,0.5672,0.5642,0.6141,0.6175,0.6208,0.6463,0.6937,0.7056
"74","Cerro Azul","Índice Ipardes de Desempenho Municipal (IPDM)",0.328,0.3424,0.371,0.4294,0.436,0.4755,0.4514,0.5322,0.5382
"75","Céu Azul","Índice Ipardes de Desempenho Municipal (IPDM)",0.6948,0.6816,0.6775,0.6964,0.7056,0.7039,0.7126,0.771,0.74
"76","Chopinzinho","Índice Ipardes de Desempenho Municipal (IPDM)",0.6268,0.6114,0.654,0.7306,0.7298,0.7021,0.7007,0.7461,0.748
"77","Cianorte","Índice Ipardes de Desempenho Municipal (IPDM)",0.7211,0.7389,0.7482,0.7572,0.7712,0.7597,0.7693,0.7907,0.7856
"78","Cidade Gaúcha","Índice Ipardes de Desempenho Municipal (IPDM)",0.6294,0.6589,0.6675,0.6649,0.6607,0.6585,0.686,0.7159,0.7037
"79","Clevelândia","Índice Ipardes de Desempenho Municipal (IPDM)",0.4843,0.4928,0.4862,0.4853,0.482,0.5046,0.5434,0.5431,0.5792
"80","Colombo","Índice Ipardes de Desempenho Municipal (IPDM)",0.5425,0.5577,0.5584,0.5923,0.6307,0.6616,0.6721,0.6805,0.679
"81","Colorado","Índice Ipardes de Desempenho Municipal (IPDM)",0.72,0.7272,0.7242,0.7192,0.7054,0.7045,0.7101,0.7311,0.7211
"82","Congonhinhas","Índice Ipardes de Desempenho Municipal (IPDM)",0.5839,0.5292,0.5164,0.5529,0.5812,0.6122,0.5884,0.568,0.5901
"83","Conselheiro Mairinck","Índice Ipardes de Desempenho Municipal (IPDM)",0.5229,0.5895,0.6266,0.6056,0.5911,0.6029,0.628,0.6344,0.6639
"84","Contenda","Índice Ipardes de Desempenho Municipal (IPDM)",0.5407,0.5384,0.5391,0.6084,0.6431,0.6545,0.6625,0.6937,0.6746
"85","Corbélia","Índice Ipardes de Desempenho Municipal (IPDM)",0.6743,0.6727,0.6859,0.7214,0.7288,0.7007,0.6897,0.745,0.7564
"86","Cornélio Procópio","Índice Ipardes de Desempenho Municipal (IPDM)",0.6731,0.705,0.7012,0.7253,0.7287,0.7197,0.7262,0.7399,0.7423
"87","Coronel Domingos Soares","Índice Ipardes de Desempenho Municipal (IPDM)",0.4906,0.5878,0.5184,0.5105,0.514,0.5341,0.5826,0.6198,0.6388
"88","Coronel Vivida","Índice Ipardes de Desempenho Municipal (IPDM)",0.6038,0.6454,0.667,0.6932,0.7018,0.7245,0.7341,0.7452,0.753
"89","Corumbataí do Sul","Índice Ipardes de Desempenho Municipal (IPDM)",0.5031,0.5472,0.4967,0.5412,0.552,0.5573,0.5189,0.633,0.6771
"90","Cruz Machado","Índice Ipardes de Desempenho Municipal (IPDM)",0.5438,0.5692,0.5793,0.5696,0.6029,0.6151,0.645,0.6763,0.6771
"91","Cruzeiro do Iguaçu","Índice Ipardes de Desempenho Municipal (IPDM)",0.6443,0.6766,0.6164,0.6429,0.6206,0.6745,0.6609,0.7307,0.7368
"92","Cruzeiro do Oeste","Índice Ipardes de Desempenho Municipal (IPDM)",0.6155,0.6691,0.68,0.6724,0.6666,0.6507,0.6662,0.708,0.7236
"93","Cruzeiro do Sul","Índice Ipardes de Desempenho Municipal (IPDM)",0.6291,0.6609,0.6764,0.7026,0.6858,0.6436,0.6184,0.6524,0.6938
"94","Cruzmaltina","Índice Ipardes de Desempenho Municipal (IPDM)",0.5312,0.6209,0.6245,0.5898,0.5849,0.6059,0.6454,0.7018,0.7164
"95","Curitiba","Índice Ipardes de Desempenho Municipal (IPDM)",0.8244,0.8401,0.8375,0.8433,0.8492,0.8617,0.8654,0.8656,0.8728
"96","Curiúva","Índice Ipardes de Desempenho Municipal (IPDM)",0.4155,0.4762,0.4455,0.4965,0.5548,0.5395,0.549,0.6088,0.6271
"97","Diamante do Norte","Índice Ipardes de Desempenho Municipal (IPDM)",0.6083,0.6167,0.604,0.6526,0.6661,0.6872,0.673,0.7083,0.7234
"98","Diamante do Sul","Índice Ipardes de Desempenho Municipal (IPDM)",0.4672,0.5354,0.4921,0.5094,0.5421,0.5888,0.6435,0.6473,0.6623
"99","Diamante D'Oeste","Índice Ipardes de Desempenho Municipal (IPDM)",0.5374,0.5696,0.5585,0.6012,0.6137,0.6297,0.6419,0.6531,0.6699
"100","Dois Vizinhos","Índice Ipardes de Desempenho Municipal (IPDM)",0.7134,0.7387,0.6956,0.7417,0.7322,0.7379,0.7524,0.8253,0.802
"101","Douradina","Índice Ipardes de Desempenho Municipal (IPDM)",0.7401,0.7916,0.7894,0.7898,0.7854,0.7672,0.755,0.7761,0.8049
"102","Doutor Camargo","Índice Ipardes de Desempenho Municipal (IPDM)",0.6728,0.6681,0.6554,0.6511,0.6698,0.7236,0.7064,0.7412,0.7538
"103","Doutor Ulysses","Índice Ipardes de Desempenho Municipal (IPDM)",0.3477,0.3971,0.3019,0.393,0.4831,0.539,0.5327,0.5912,0.6039
"104","Enéas Marques","Índice Ipardes de Desempenho Municipal (IPDM)",0.6762,0.7005,0.6505,0.6627,0.6741,0.7084,0.6988,0.7125,0.7116
"105","Engenheiro Beltrão","Índice Ipardes de Desempenho Municipal (IPDM)",0.6719,0.7221,0.6827,0.6539,0.6529,0.6934,0.696,0.7351,0.7453
"106","Entre Rios do Oeste","Índice Ipardes de Desempenho Municipal (IPDM)",0.7312,0.7534,0.7487,0.7592,0.786,0.7567,0.7454,0.778,0.7424
"107","Esperança Nova","Índice Ipardes de Desempenho Municipal (IPDM)",0.6291,0.6532,0.6616,0.7434,0.7408,0.632,0.6363,0.7287,0.7605
"108","Espigão Alto do Iguaçu","Índice Ipardes de Desempenho Municipal (IPDM)",0.4653,0.494,0.4543,0.5197,0.5314,0.5865,0.5694,0.6116,0.6574
"109","Farol","Índice Ipardes de Desempenho Municipal (IPDM)",0.6701,0.6783,0.6571,0.6887,0.6699,0.6811,0.6747,0.7211,0.6525
"110","Faxinal","Índice Ipardes de Desempenho Municipal (IPDM)",0.5312,0.5705,0.5492,0.556,0.5631,0.6129,0.6537,0.6772,0.6816
"111","Fazenda Rio Grande","Índice Ipardes de Desempenho Municipal (IPDM)",0.5289,0.5757,0.5711,0.6164,0.6445,0.6755,0.6957,0.708,0.7222
"112","Fênix","Índice Ipardes de Desempenho Municipal (IPDM)",0.5908,0.6079,0.6052,0.5573,0.5238,0.5987,0.6174,0.7332,0.7083
"113","Fernandes Pinheiro","Índice Ipardes de Desempenho Municipal (IPDM)",0.5811,0.5466,0.5397,0.6079,0.6246,0.6035,0.5878,0.6118,0.604
"114","Figueira","Índice Ipardes de Desempenho Municipal (IPDM)",0.5156,0.5745,0.5904,0.6038,0.6116,0.6312,0.6429,0.714,0.7214
"115","Flor da Serra do Sul","Índice Ipardes de Desempenho Municipal (IPDM)",0.6613,0.6602,0.6232,0.6314,0.6397,0.6507,0.6802,0.7194,0.7326
"116","Floraí","Índice Ipardes de Desempenho Municipal (IPDM)",0.7242,0.7231,0.7136,0.7078,0.7231,0.7392,0.7336,0.74,0.743
"117","Floresta","Índice Ipardes de Desempenho Municipal (IPDM)",0.6179,0.6678,0.6601,0.6948,0.6562,0.6593,0.6662,0.7075,0.6773
"118","Florestópolis","Índice Ipardes de Desempenho Municipal (IPDM)",0.5972,0.6298,0.6399,0.6437,0.6485,0.6492,0.6588,0.6751,0.6467
"119","Flórida","Índice Ipardes de Desempenho Municipal (IPDM)",0.7012,0.711,0.7008,0.7576,0.7395,0.7463,0.7492,0.7528,0.7512
"120","Formosa do Oeste","Índice Ipardes de Desempenho Municipal (IPDM)",0.6713,0.6842,0.6526,0.6141,0.6166,0.6707,0.7061,0.7388,0.7096
"121","Foz do Iguaçu","Índice Ipardes de Desempenho Municipal (IPDM)",0.6503,0.6777,0.6851,0.699,0.6875,0.6803,0.6827,0.7053,0.7174
"122","Foz do Jordão","Índice Ipardes de Desempenho Municipal (IPDM)",0.4709,0.5482,0.5225,0.518,0.5384,0.5236,0.5518,0.5542,0.5823
"123","Francisco Alves","Índice Ipardes de Desempenho Municipal (IPDM)",0.5486,0.5882,0.569,0.5966,0.602,0.5791,0.5741,0.6056,0.6555
"124","Francisco Beltrão","Índice Ipardes de Desempenho Municipal (IPDM)",0.7165,0.727,0.7039,0.7266,0.7331,0.7244,0.7251,0.7503,0.7465
"125","General Carneiro","Índice Ipardes de Desempenho Municipal (IPDM)",0.5153,0.5309,0.5252,0.5516,0.5524,0.5408,0.5556,0.5976,0.5932
"126","Godoy Moreira","Índice Ipardes de Desempenho Municipal (IPDM)",0.6235,0.6813,0.6418,0.5429,0.5498,0.5675,0.6341,0.6474,0.682
"127","Goioerê","Índice Ipardes de Desempenho Municipal (IPDM)",0.6082,0.6512,0.6422,0.6529,0.6351,0.6589,0.6527,0.6999,0.7224
"128","Goioxim","Índice Ipardes de Desempenho Municipal (IPDM)",0.4116,0.489,0.4535,0.5528,0.5138,0.5162,0.5157,0.5728,0.6284
"129","Grandes Rios","Índice Ipardes de Desempenho Municipal (IPDM)",0.4761,0.5212,0.526,0.5541,0.5796,0.6263,0.6477,0.6541,0.6465
"130","Guaíra","Índice Ipardes de Desempenho Municipal (IPDM)",0.4688,0.5021,0.5191,0.5621,0.5942,0.5881,0.5958,0.6208,0.6487
"131","Guairaçá","Índice Ipardes de Desempenho Municipal (IPDM)",0.5763,0.6097,0.5889,0.5402,0.5582,0.5943,0.6472,0.7118,0.7017
"132","Guamiranga","Índice Ipardes de Desempenho Municipal (IPDM)",0.5857,0.6008,0.5619,0.5862,0.6124,0.6032,0.6174,0.6336,0.6417
"133","Guapirama","Índice Ipardes de Desempenho Municipal (IPDM)",0.5587,0.5624,0.6046,0.6572,0.6032,0.6237,0.6241,0.6499,0.6622
"134","Guaporema","Índice Ipardes de Desempenho Municipal (IPDM)",0.6858,0.6914,0.6785,0.6889,0.7093,0.6723,0.6944,0.7174,0.7034
"135","Guaraci","Índice Ipardes de Desempenho Municipal (IPDM)",0.5781,0.6395,0.649,0.6487,0.6397,0.6679,0.7084,0.6732,0.654
"136","Guaraniaçu","Índice Ipardes de Desempenho Municipal (IPDM)",0.6197,0.6573,0.649,0.646,0.6537,0.6455,0.6612,0.7124,0.6977
"137","Guarapuava","Índice Ipardes de Desempenho Municipal (IPDM)",0.6048,0.6245,0.6328,0.667,0.6781,0.6964,0.7112,0.7158,0.7374
"138","Guaraqueçaba","Índice Ipardes de Desempenho Municipal (IPDM)",0.3494,0.405,0.3825,0.4164,0.4203,0.466,0.4475,0.4349,0.4629
"139","Guaratuba","Índice Ipardes de Desempenho Municipal (IPDM)",0.4636,0.5061,0.4979,0.5464,0.5594,0.5838,0.5808,0.6209,0.6275
"140","Honório Serpa","Índice Ipardes de Desempenho Municipal (IPDM)",0.6166,0.6339,0.5753,0.6476,0.6356,0.6593,0.655,0.6692,0.7134
"141","Ibaiti","Índice Ipardes de Desempenho Municipal (IPDM)",0.6068,0.593,0.5974,0.6246,0.6325,0.6261,0.6485,0.7014,0.7048
"142","Ibema","Índice Ipardes de Desempenho Municipal (IPDM)",0.6245,0.6216,0.6361,0.6789,0.7069,0.6699,0.6861,0.7261,0.7369
"143","Ibiporã","Índice Ipardes de Desempenho Municipal (IPDM)",0.649,0.6677,0.6666,0.6923,0.7003,0.6973,0.6889,0.7082,0.71
"144","Icaraíma","Índice Ipardes de Desempenho Municipal (IPDM)",0.6237,0.6107,0.585,0.5408,0.5725,0.5513,0.5726,0.6044,0.6505
"145","Iguaraçu","Índice Ipardes de Desempenho Municipal (IPDM)",0.674,0.6705,0.6749,0.6194,0.6586,0.6455,0.6739,0.7163,0.7276
"146","Iguatu","Índice Ipardes de Desempenho Municipal (IPDM)",0.6275,0.7043,0.6806,0.7413,0.7283,0.7233,0.7143,0.7269,0.7522
"147","Imbaú","Índice Ipardes de Desempenho Municipal (IPDM)",0.4728,0.4993,0.4871,0.5145,0.5359,0.5154,0.5132,0.5676,0.5995
"148","Imbituva","Índice Ipardes de Desempenho Municipal (IPDM)",0.5656,0.5994,0.5764,0.6128,0.6199,0.6282,0.632,0.6788,0.6718
"149","Inácio Martins","Índice Ipardes de Desempenho Municipal (IPDM)",0.4769,0.4771,0.4725,0.4791,0.5198,0.5196,0.5228,0.564,0.5536
"150","Inajá","Índice Ipardes de Desempenho Municipal (IPDM)",0.5123,0.5683,0.65,0.7087,0.6867,0.655,0.6548,0.6897,0.7184
"151","Indianópolis","Índice Ipardes de Desempenho Municipal (IPDM)",0.6535,0.6616,0.707,0.7101,0.7264,0.7296,0.7216,0.7201,0.7142
"152","Ipiranga","Índice Ipardes de Desempenho Municipal (IPDM)",0.5269,0.5374,0.5119,0.5129,0.5269,0.4567,0.4728,0.571,0.5886
"153","Iporã","Índice Ipardes de Desempenho Municipal (IPDM)",0.6189,0.6367,0.6077,0.6144,0.5829,0.5757,0.6122,0.6475,0.6872
"154","Iracema do Oeste","Índice Ipardes de Desempenho Municipal (IPDM)",0.5794,0.6283,0.6141,0.5586,0.5922,0.562,0.5842,0.6228,0.5934
"155","Irati","Índice Ipardes de Desempenho Municipal (IPDM)",0.6188,0.6489,0.6627,0.6902,0.6867,0.6842,0.7136,0.741,0.7404
"156","Iretama","Índice Ipardes de Desempenho Municipal (IPDM)",0.5894,0.5709,0.5469,0.5977,0.6237,0.6594,0.6899,0.7339,0.7221
"157","Itaguajé","Índice Ipardes de Desempenho Municipal (IPDM)",0.5091,0.4995,0.54,0.5308,0.5596,0.5862,0.5949,0.6639,0.6973
"158","Itaipulândia","Índice Ipardes de Desempenho Municipal (IPDM)",0.6924,0.7108,0.7017,0.7157,0.732,0.694,0.7324,0.7443,0.7459
"159","Itambaracá","Índice Ipardes de Desempenho Municipal (IPDM)",0.5801,0.5677,0.5237,0.5633,0.5817,0.6466,0.6242,0.6136,0.5772
"160","Itambé","Índice Ipardes de Desempenho Municipal (IPDM)",0.7074,0.7078,0.7067,0.6731,0.6685,0.6548,0.6649,0.6591,0.6861
"161","Itapejara d'Oeste","Índice Ipardes de Desempenho Municipal (IPDM)",0.4829,0.5896,0.6556,0.6916,0.7264,0.7336,0.7158,0.7407,0.7441
"162","Itaperuçu","Índice Ipardes de Desempenho Municipal (IPDM)",0.3728,0.3872,0.3393,0.4149,0.4371,0.4673,0.508,0.5301,0.5781
"163","Itaúna do Sul","Índice Ipardes de Desempenho Municipal (IPDM)",0.4948,0.5467,0.4957,0.5254,0.505,0.5658,0.6056,0.6571,0.6718
"164","Ivaí","Índice Ipardes de Desempenho Municipal (IPDM)",0.4655,0.5159,0.4959,0.4902,0.4942,0.5122,0.5344,0.5856,0.6001
"165","Ivaiporã","Índice Ipardes de Desempenho Municipal (IPDM)",0.6211,0.6703,0.6698,0.6682,0.6857,0.6937,0.7143,0.7396,0.7566
"166","Ivaté","Índice Ipardes de Desempenho Municipal (IPDM)",0.6643,0.7006,0.6901,0.6655,0.6898,0.7002,0.7475,0.749,0.7596
"167","Ivatuba","Índice Ipardes de Desempenho Municipal (IPDM)",0.7817,0.7081,0.7044,0.7738,0.7844,0.7377,0.7556,0.7937,0.7441
"168","Jaboti","Índice Ipardes de Desempenho Municipal (IPDM)",0.6252,0.6232,0.6192,0.6261,0.6965,0.7029,0.6913,0.705,0.6931
"169","Jacarezinho","Índice Ipardes de Desempenho Municipal (IPDM)",0.5904,0.6561,0.6776,0.6765,0.6993,0.6995,0.7082,0.7288,0.7377
"170","Jaguapitã","Índice Ipardes de Desempenho Municipal (IPDM)",0.6523,0.6506,0.6662,0.6892,0.6943,0.7296,0.738,0.7222,0.7226
"171","Jaguariaíva","Índice Ipardes de Desempenho Municipal (IPDM)",0.5645,0.5822,0.5904,0.6157,0.5955,0.5953,0.6019,0.6646,0.7031
"172","Jandaia do Sul","Índice Ipardes de Desempenho Municipal (IPDM)",0.6623,0.7004,0.7302,0.7593,0.7467,0.7352,0.7482,0.7636,0.7817
"173","Janiópolis","Índice Ipardes de Desempenho Municipal (IPDM)",0.6498,0.6812,0.665,0.7063,0.7186,0.6818,0.686,0.6785,0.7218
"174","Japira","Índice Ipardes de Desempenho Municipal (IPDM)",0.578,0.5545,0.4724,0.5693,0.5852,0.6255,0.6127,0.6409,0.6311
"175","Japurá","Índice Ipardes de Desempenho Municipal (IPDM)",0.6975,0.7213,0.7357,0.7337,0.7339,0.7239,0.7299,0.7625,0.7704
"176","Jardim Alegre","Índice Ipardes de Desempenho Municipal (IPDM)",0.4314,0.4566,0.4904,0.5591,0.5971,0.6493,0.68,0.714,0.6672
"177","Jardim Olinda","Índice Ipardes de Desempenho Municipal (IPDM)",0.666,0.6848,0.6672,0.6685,0.6068,0.6014,0.6505,0.7515,0.7587
"178","Jataizinho","Índice Ipardes de Desempenho Municipal (IPDM)",0.5809,0.5866,0.5785,0.6237,0.6366,0.6486,0.6309,0.6125,0.6183
"179","Jesuítas","Índice Ipardes de Desempenho Municipal (IPDM)",0.6755,0.706,0.7021,0.697,0.6992,0.6963,0.6825,0.7148,0.7161
"180","Joaquim Távora","Índice Ipardes de Desempenho Municipal (IPDM)",0.6637,0.6483,0.6582,0.6853,0.7191,0.7224,0.7397,0.7499,0.76
"181","Jundiaí do Sul","Índice Ipardes de Desempenho Municipal (IPDM)",0.6119,0.6463,0.6684,0.6566,0.6546,0.6393,0.6275,0.6226,0.6785
"182","Juranda","Índice Ipardes de Desempenho Municipal (IPDM)",0.6144,0.6786,0.6382,0.6718,0.6604,0.6369,0.6553,0.665,0.6947
"183","Jussara","Índice Ipardes de Desempenho Municipal (IPDM)",0.6545,0.6516,0.6895,0.7561,0.7616,0.6998,0.7523,0.7505,0.7674
"184","Kaloré","Índice Ipardes de Desempenho Municipal (IPDM)",0.6889,0.6969,0.711,0.6773,0.7212,0.7447,0.7191,0.7192,0.7268
"185","Lapa","Índice Ipardes de Desempenho Municipal (IPDM)",0.5448,0.5668,0.5604,0.6197,0.6688,0.7177,0.7096,0.7346,0.7354
"186","Laranjal","Índice Ipardes de Desempenho Municipal (IPDM)",0.3548,0.3949,0.4284,0.4718,0.5479,0.5662,0.583,0.607,0.6089
"187","Laranjeiras do Sul","Índice Ipardes de Desempenho Municipal (IPDM)",0.6421,0.6775,0.6556,0.6676,0.6784,0.6936,0.717,0.7137,0.7144
"188","Leópolis","Índice Ipardes de Desempenho Municipal (IPDM)",0.5391,0.5393,0.5609,0.6136,0.6548,0.6371,0.6425,0.638,0.6524
"189","Lidianópolis","Índice Ipardes de Desempenho Municipal (IPDM)",0.6337,0.66,0.6546,0.6283,0.6545,0.6364,0.7032,0.7231,0.7137
"190","Lindoeste","Índice Ipardes de Desempenho Municipal (IPDM)",0.538,0.5904,0.5837,0.6268,0.6603,0.6854,0.6844,0.6974,0.6888
"191","Loanda","Índice Ipardes de Desempenho Municipal (IPDM)",0.6807,0.6698,0.6597,0.6255,0.6155,0.6206,0.6165,0.6652,0.6912
"192","Lobato","Índice Ipardes de Desempenho Municipal (IPDM)",0.7462,0.7702,0.7443,0.729,0.7103,0.7141,0.7224,0.7104,0.7243
"193","Londrina","Índice Ipardes de Desempenho Municipal (IPDM)",0.7504,0.7526,0.7522,0.7675,0.7701,0.7721,0.7794,0.8023,0.7955
"194","Luiziana","Índice Ipardes de Desempenho Municipal (IPDM)",0.5308,0.5664,0.5824,0.6064,0.6201,0.6222,0.6382,0.6466,0.6806
"195","Lunardelli","Índice Ipardes de Desempenho Municipal (IPDM)",0.5827,0.5862,0.6354,0.6113,0.6287,0.6798,0.6494,0.6698,0.6738
"196","Lupionópolis","Índice Ipardes de Desempenho Municipal (IPDM)",0.5749,0.6449,0.5878,0.5836,0.5804,0.6099,0.651,0.6345,0.6153
"197","Mallet","Índice Ipardes de Desempenho Municipal (IPDM)",0.6395,0.659,0.5986,0.6038,0.6578,0.6773,0.689,0.6944,0.7524
"198","Mamborê","Índice Ipardes de Desempenho Municipal (IPDM)",0.6631,0.696,0.6746,0.6729,0.6512,0.6435,0.6699,0.6875,0.7231
"199","Mandaguaçu","Índice Ipardes de Desempenho Municipal (IPDM)",0.5929,0.6286,0.6942,0.6691,0.6989,0.6971,0.7163,0.7232,0.7345
"200","Mandaguari","Índice Ipardes de Desempenho Municipal (IPDM)",0.7115,0.7257,0.7153,0.7125,0.7092,0.7027,0.7236,0.7543,0.7653
"201","Mandirituba","Índice Ipardes de Desempenho Municipal (IPDM)",0.5083,0.5184,0.5001,0.5361,0.5657,0.6388,0.6507,0.6947,0.653
"202","Manfrinópolis","Índice Ipardes de Desempenho Municipal (IPDM)",0.5397,0.5969,0.5784,0.6087,0.6466,0.6151,0.6403,0.6799,0.6151
"203","Mangueirinha","Índice Ipardes de Desempenho Municipal (IPDM)",0.4659,0.527,0.5666,0.6322,0.6377,0.6262,0.645,0.6724,0.6907
"204","Manoel Ribas","Índice Ipardes de Desempenho Municipal (IPDM)",0.4718,0.4745,0.4784,0.4793,0.4845,0.5139,0.5783,0.6026,0.6338
"205","Marechal Cândido Rondon","Índice Ipardes de Desempenho Municipal (IPDM)",0.6763,0.6845,0.7045,0.7534,0.7768,0.7703,0.7673,0.7787,0.7868
"206","Maria Helena","Índice Ipardes de Desempenho Municipal (IPDM)",0.5914,0.588,0.5403,0.5394,0.5397,0.5672,0.5663,0.6328,0.6378
"207","Marialva","Índice Ipardes de Desempenho Municipal (IPDM)",0.6682,0.6835,0.6775,0.7026,0.7056,0.7048,0.7087,0.7408,0.7554
"208","Marilândia do Sul","Índice Ipardes de Desempenho Municipal (IPDM)",0.6705,0.6446,0.6413,0.6591,0.6871,0.6629,0.6796,0.7034,0.727
"209","Marilena","Índice Ipardes de Desempenho Municipal (IPDM)",0.6003,0.6271,0.6428,0.6709,0.6674,0.6692,0.6993,0.6976,0.718
"210","Mariluz","Índice Ipardes de Desempenho Municipal (IPDM)",0.4758,0.5258,0.5318,0.5451,0.5667,0.5745,0.5714,0.5689,0.5727
"211","Maringá","Índice Ipardes de Desempenho Municipal (IPDM)",0.7685,0.7789,0.7835,0.7961,0.7971,0.7995,0.8036,0.8108,0.8062
"212","Mariópolis","Índice Ipardes de Desempenho Municipal (IPDM)",0.5622,0.59,0.5817,0.6331,0.6482,0.6531,0.6704,0.7116,0.7399
"213","Maripá","Índice Ipardes de Desempenho Municipal (IPDM)",0.6986,0.7216,0.7023,0.7636,0.7461,0.7598,0.762,0.7978,0.7698
"214","Marmeleiro","Índice Ipardes de Desempenho Municipal (IPDM)",0.5916,0.5843,0.5666,0.5953,0.6189,0.6887,0.6923,0.7299,0.7206
"215","Marquinho","Índice Ipardes de Desempenho Municipal (IPDM)",0.5173,0.5292,0.4474,0.5006,0.552,0.5222,0.6723,0.6474,0.6504
"216","Marumbi","Índice Ipardes de Desempenho Municipal (IPDM)",0.624,0.6281,0.671,0.7064,0.6864,0.6964,0.6854,0.64,0.6471
"217","Matelândia","Índice Ipardes de Desempenho Municipal (IPDM)",0.6404,0.6813,0.6724,0.6595,0.6922,0.7147,0.7561,0.7959,0.7848
"218","Matinhos","Índice Ipardes de Desempenho Municipal (IPDM)",0.5615,0.5484,0.5808,0.6121,0.6409,0.6448,0.6071,0.6045,0.586
"219","Mato Rico","Índice Ipardes de Desempenho Municipal (IPDM)",0.5194,0.5024,0.501,0.5272,0.5641,0.5921,0.5749,0.6356,0.6551
"220","Mauá da Serra","Índice Ipardes de Desempenho Municipal (IPDM)",0.5607,0.5782,0.6012,0.6087,0.6241,0.6188,0.6452,0.6316,0.6677
"221","Medianeira","Índice Ipardes de Desempenho Municipal (IPDM)",0.7333,0.7252,0.7149,0.7438,0.7634,0.7643,0.7755,0.7924,0.7937
"222","Mercedes","Índice Ipardes de Desempenho Municipal (IPDM)",0.6764,0.7385,0.72,0.7635,0.7364,0.7191,0.7286,0.7718,0.7702
"223","Mirador","Índice Ipardes de Desempenho Municipal (IPDM)",0.6475,0.6397,0.6139,0.6557,0.6101,0.6086,0.6092,0.6923,0.7079
"224","Miraselva","Índice Ipardes de Desempenho Municipal (IPDM)",0.6992,0.6237,0.63,0.6719,0.6814,0.6527,0.6468,0.7367,0.7252
"225","Missal","Índice Ipardes de Desempenho Municipal (IPDM)",0.6346,0.6611,0.6496,0.6801,0.6824,0.6537,0.6477,0.6603,0.6731
"226","Moreira Sales","Índice Ipardes de Desempenho Municipal (IPDM)",0.5579,0.6064,0.597,0.6295,0.6457,0.6356,0.646,0.6701,0.6745
"227","Morretes","Índice Ipardes de Desempenho Municipal (IPDM)",0.4412,0.4505,0.4894,0.5199,0.5219,0.5201,0.5444,0.5567,0.5763
"228","Munhoz de Melo","Índice Ipardes de Desempenho Municipal (IPDM)",0.598,0.6031,0.5893,0.6256,0.6339,0.6487,0.6863,0.6837,0.6966
"229","Nossa Senhora das Graças","Índice Ipardes de Desempenho Municipal (IPDM)",0.6239,0.6483,0.5926,0.5852,0.6031,0.5507,0.5937,0.6511,0.6593
"230","Nova Aliança do Ivaí","Índice Ipardes de Desempenho Municipal (IPDM)",0.6381,0.6344,0.6534,0.6208,0.6193,0.6043,0.6975,0.7275,0.7466
"231","Nova América da Colina","Índice Ipardes de Desempenho Municipal (IPDM)",0.7317,0.6817,0.6491,0.6684,0.6156,0.7064,0.6743,0.8039,0.7031
"232","Nova Aurora","Índice Ipardes de Desempenho Municipal (IPDM)",0.6713,0.6674,0.6801,0.718,0.7003,0.7237,0.7235,0.7692,0.7687
"233","Nova Cantu","Índice Ipardes de Desempenho Municipal (IPDM)",0.5615,0.5427,0.5578,0.6234,0.6785,0.65,0.6646,0.6802,0.7008
"234","Nova Esperança","Índice Ipardes de Desempenho Municipal (IPDM)",0.6526,0.6734,0.6635,0.674,0.6601,0.6741,0.6754,0.7268,0.7252
"235","Nova Esperança do Sudoeste","Índice Ipardes de Desempenho Municipal (IPDM)",0.5896,0.6563,0.5698,0.5822,0.59,0.6332,0.6352,0.6644,0.6362
"236","Nova Fátima","Índice Ipardes de Desempenho Municipal (IPDM)",0.5078,0.5599,0.5168,0.5509,0.6012,0.6667,0.6821,0.7748,0.6575
"237","Nova Laranjeiras","Índice Ipardes de Desempenho Municipal (IPDM)",0.3893,0.4108,0.3565,0.4602,0.4887,0.5271,0.4969,0.5396,0.5005
"238","Nova Londrina","Índice Ipardes de Desempenho Municipal (IPDM)",0.6298,0.6431,0.6617,0.6722,0.6952,0.6878,0.696,0.7001,0.753
"239","Nova Olímpia","Índice Ipardes de Desempenho Municipal (IPDM)",0.6723,0.6356,0.6363,0.603,0.6528,0.648,0.6597,0.7149,0.7021
"240","Nova Prata do Iguaçu","Índice Ipardes de Desempenho Municipal (IPDM)",0.6253,0.6687,0.6697,0.6677,0.6518,0.6503,0.6893,0.7146,0.7014
"241","Nova Santa Bárbara","Índice Ipardes de Desempenho Municipal (IPDM)",0.4313,0.5085,0.5023,0.51,0.5203,0.5576,0.598,0.6598,0.6778
"242","Nova Santa Rosa","Índice Ipardes de Desempenho Municipal (IPDM)",0.7268,0.7227,0.7212,0.723,0.6972,0.728,0.7501,0.7774,0.7567
"243","Nova Tebas","Índice Ipardes de Desempenho Municipal (IPDM)",0.59,0.5603,0.5285,0.5667,0.6052,0.6362,0.6529,0.6565,0.6457
"244","Novo Itacolomi","Índice Ipardes de Desempenho Municipal (IPDM)",0.6936,0.701,0.6889,0.7162,0.7452,0.755,0.7549,0.757,0.7628
"245","Ortigueira","Índice Ipardes de Desempenho Municipal (IPDM)",0.4431,0.4847,0.5015,0.5667,0.6239,0.7014,0.5598,0.6153,0.6189
"246","Ourizona","Índice Ipardes de Desempenho Municipal (IPDM)",0.6744,0.6837,0.6529,0.6453,0.6621,0.6722,0.6768,0.7272,0.736
"247","Ouro Verde do Oeste","Índice Ipardes de Desempenho Municipal (IPDM)",0.5886,0.6337,0.6315,0.6127,0.6266,0.6089,0.6529,0.7029,0.7359
"248","Paiçandu","Índice Ipardes de Desempenho Municipal (IPDM)",0.596,0.5912,0.5906,0.6125,0.6416,0.6567,0.6787,0.683,0.6864
"249","Palmas","Índice Ipardes de Desempenho Municipal (IPDM)",0.4798,0.543,0.5277,0.5369,0.5484,0.5202,0.5716,0.6059,0.6248
"250","Palmeira","Índice Ipardes de Desempenho Municipal (IPDM)",0.587,0.608,0.6201,0.633,0.641,0.6558,0.6827,0.726,0.7323
"251","Palmital","Índice Ipardes de Desempenho Municipal (IPDM)",0.4786,0.5541,0.5092,0.5514,0.5685,0.5848,0.6115,0.6354,0.6523
"252","Palotina","Índice Ipardes de Desempenho Municipal (IPDM)",0.7398,0.7664,0.7523,0.7841,0.7977,0.8102,0.8198,0.8301,0.8537
"253","Paraíso do Norte","Índice Ipardes de Desempenho Municipal (IPDM)",0.6408,0.7094,0.6832,0.6916,0.6871,0.7113,0.7145,0.7393,0.7791
"254","Paranacity","Índice Ipardes de Desempenho Municipal (IPDM)",0.6857,0.6944,0.6917,0.6939,0.6506,0.6303,0.6344,0.6489,0.6599
"255","Paranaguá","Índice Ipardes de Desempenho Municipal (IPDM)",0.6071,0.6242,0.6116,0.6407,0.6332,0.6552,0.6643,0.6781,0.6682
"256","Paranapoema","Índice Ipardes de Desempenho Municipal (IPDM)",0.5571,0.6187,0.5925,0.6318,0.6157,0.6236,0.6449,0.7391,0.7487
"257","Paranavaí","Índice Ipardes de Desempenho Municipal (IPDM)",0.6516,0.6921,0.7179,0.735,0.7462,0.7524,0.7571,0.7752,0.7682
"258","Pato Bragado","Índice Ipardes de Desempenho Municipal (IPDM)",0.7064,0.6577,0.6324,0.6639,0.7022,0.7228,0.7332,0.7755,0.7782
"259","Pato Branco","Índice Ipardes de Desempenho Municipal (IPDM)",0.6762,0.7053,0.7363,0.7729,0.7908,0.7852,0.799,0.7968,0.7947
"260","Paula Freitas","Índice Ipardes de Desempenho Municipal (IPDM)",0.5845,0.6565,0.6831,0.7303,0.7383,0.7482,0.7473,0.7756,0.7412
"261","Paulo Frontin","Índice Ipardes de Desempenho Municipal (IPDM)",0.6216,0.6664,0.6215,0.6351,0.5993,0.6376,0.644,0.685,0.6753
"262","Peabiru","Índice Ipardes de Desempenho Municipal (IPDM)",0.6156,0.6816,0.6955,0.6336,0.6478,0.6763,0.7064,0.702,0.713
"263","Perobal","Índice Ipardes de Desempenho Municipal (IPDM)",0.6747,0.7353,0.7115,0.7,0.6627,0.6574,0.6668,0.6947,0.6981
"264","Pérola","Índice Ipardes de Desempenho Municipal (IPDM)",0.6406,0.6606,0.6312,0.6506,0.6773,0.6927,0.6638,0.7048,0.6898
"265","Pérola d'Oeste","Índice Ipardes de Desempenho Municipal (IPDM)",0.5861,0.6377,0.6154,0.6668,0.6878,0.685,0.6838,0.712,0.6943
"266","Piên","Índice Ipardes de Desempenho Municipal (IPDM)",0.647,0.6429,0.6594,0.7434,0.7299,0.7209,0.6971,0.7628,0.7314
"267","Pinhais","Índice Ipardes de Desempenho Municipal (IPDM)",0.6473,0.6589,0.6642,0.6971,0.7107,0.7441,0.7445,0.7599,0.766
"268","Pinhal de São Bento","Índice Ipardes de Desempenho Municipal (IPDM)",0.6452,0.6665,0.6383,0.6277,0.6123,0.6087,0.6148,0.7087,0.7463
"269","Pinhalão","Índice Ipardes de Desempenho Municipal (IPDM)",0.5913,0.6055,0.5889,0.6185,0.6531,0.6859,0.6958,0.6901,0.6888
"270","Pinhão","Índice Ipardes de Desempenho Municipal (IPDM)",0.4656,0.4711,0.4836,0.5266,0.5513,0.5759,0.6019,0.6433,0.6454
"271","Piraí do Sul","Índice Ipardes de Desempenho Municipal (IPDM)",0.5197,0.5784,0.5665,0.6,0.5974,0.5956,0.5927,0.6613,0.6431
"272","Piraquara","Índice Ipardes de Desempenho Municipal (IPDM)",0.4598,0.5088,0.4787,0.5068,0.5096,0.5587,0.5683,0.5989,0.581
"273","Pitanga","Índice Ipardes de Desempenho Municipal (IPDM)",0.6093,0.6266,0.6076,0.6551,0.6741,0.6919,0.6951,0.7139,0.725
"274","Pitangueiras","Índice Ipardes de Desempenho Municipal (IPDM)",0.6142,0.6215,0.6943,0.712,0.6997,0.637,0.6788,0.6868,0.7105
"275","Planaltina do Paraná","Índice Ipardes de Desempenho Municipal (IPDM)",0.5848,0.6007,0.6444,0.7026,0.7173,0.6672,0.6345,0.6537,0.6835
"276","Planalto","Índice Ipardes de Desempenho Municipal (IPDM)",0.5752,0.6185,0.6356,0.6838,0.6797,0.6791,0.6891,0.7252,0.7276
"277","Ponta Grossa","Índice Ipardes de Desempenho Municipal (IPDM)",0.6075,0.6547,0.6842,0.7114,0.7155,0.726,0.7285,0.7341,0.7353
"278","Pontal do Paraná","Índice Ipardes de Desempenho Municipal (IPDM)",0.5351,0.5552,0.5761,0.5456,0.6046,0.6422,0.6258,0.6536,0.6238
"279","Porecatu","Índice Ipardes de Desempenho Municipal (IPDM)",0.6217,0.607,0.5918,0.6817,0.6925,0.6771,0.6592,0.6642,0.6544
"280","Porto Amazonas","Índice Ipardes de Desempenho Municipal (IPDM)",0.5287,0.6005,0.5926,0.6558,0.6389,0.6344,0.6572,0.6639,0.6253
"281","Porto Barreiro","Índice Ipardes de Desempenho Municipal (IPDM)",0.5901,0.6083,0.5273,0.6263,0.6535,0.6824,0.7166,0.7512,0.7223
"282","Porto Rico","Índice Ipardes de Desempenho Municipal (IPDM)",0.6906,0.6775,0.6878,0.7441,0.7496,0.6831,0.6455,0.6973,0.7266
"283","Porto Vitória","Índice Ipardes de Desempenho Municipal (IPDM)",0.621,0.6022,0.5697,0.5997,0.6002,0.6219,0.672,0.7172,0.7439
"284","Prado Ferreira","Índice Ipardes de Desempenho Municipal (IPDM)",0.5096,0.6488,0.6507,0.6731,0.6532,0.6548,0.6202,0.684,0.6278
"285","Pranchita","Índice Ipardes de Desempenho Municipal (IPDM)",0.593,0.6729,0.6778,0.644,0.6006,0.6049,0.6583,0.7412,0.7311
"286","Presidente Castelo Branco","Índice Ipardes de Desempenho Municipal (IPDM)",0.623,0.6422,0.6562,0.6789,0.6259,0.6478,0.6543,0.7103,0.7063
"287","Primeiro de Maio","Índice Ipardes de Desempenho Municipal (IPDM)",0.5785,0.5985,0.6287,0.5983,0.6106,0.611,0.6182,0.6568,0.674
"288","Prudentópolis","Índice Ipardes de Desempenho Municipal (IPDM)",0.574,0.5981,0.5981,0.6344,0.6336,0.653,0.6635,0.6863,0.6928
"289","Quarto Centenário","Índice Ipardes de Desempenho Municipal (IPDM)",0.6106,0.6752,0.6354,0.638,0.6046,0.631,0.6532,0.6442,0.6931
"290","Quatiguá","Índice Ipardes de Desempenho Municipal (IPDM)",0.6119,0.6712,0.707,0.6642,0.6923,0.6994,0.7115,0.7266,0.7431
"291","Quatro Barras","Índice Ipardes de Desempenho Municipal (IPDM)",0.7021,0.706,0.7283,0.7447,0.7568,0.7517,0.7631,0.7933,0.8223
"292","Quatro Pontes","Índice Ipardes de Desempenho Municipal (IPDM)",0.7001,0.7369,0.7525,0.7966,0.779,0.7157,0.6767,0.724,0.7019
"293","Quedas do Iguaçu","Índice Ipardes de Desempenho Municipal (IPDM)",0.5873,0.6292,0.6145,0.6621,0.6795,0.6774,0.6965,0.7192,0.7066
"294","Querência do Norte","Índice Ipardes de Desempenho Municipal (IPDM)",0.5012,0.5457,0.5808,0.6119,0.6371,0.633,0.6553,0.6456,0.653
"295","Quinta do Sol","Índice Ipardes de Desempenho Municipal (IPDM)",0.549,0.5523,0.5527,0.5588,0.5704,0.6323,0.6908,0.695,0.6856
"296","Quitandinha","Índice Ipardes de Desempenho Municipal (IPDM)",0.5221,0.5519,0.569,0.6359,0.639,0.6554,0.6501,0.6693,0.6255
"297","Ramilândia","Índice Ipardes de Desempenho Municipal (IPDM)",0.561,0.5188,0.4735,0.5683,0.5791,0.5565,0.5935,0.5791,0.5582
"298","Rancho Alegre","Índice Ipardes de Desempenho Municipal (IPDM)",0.5163,0.5338,0.4996,0.5745,0.6152,0.6681,0.6659,0.6448,0.6526
"299","Rancho Alegre D'Oeste","Índice Ipardes de Desempenho Municipal (IPDM)",0.6779,0.7513,0.7318,0.6428,0.6162,0.64,0.5964,0.6855,0.6798
"300","Realeza","Índice Ipardes de Desempenho Municipal (IPDM)",0.6751,0.6924,0.6668,0.6686,0.6843,0.7117,0.729,0.7319,0.7391
"301","Rebouças","Índice Ipardes de Desempenho Municipal (IPDM)",0.5936,0.6184,0.6296,0.643,0.6535,0.6544,0.6274,0.6426,0.6601
"302","Renascença","Índice Ipardes de Desempenho Municipal (IPDM)",0.6309,0.6117,0.6031,0.6466,0.6819,0.702,0.7024,0.7305,0.7443
"303","Reserva","Índice Ipardes de Desempenho Municipal (IPDM)",0.4702,0.5185,0.4905,0.5308,0.5455,0.5744,0.5903,0.6309,0.6514
"304","Reserva do Iguaçu","Índice Ipardes de Desempenho Municipal (IPDM)",0.4352,0.4814,0.4437,0.5158,0.5179,0.5552,0.5557,0.5764,0.6034
"305","Ribeirão Claro","Índice Ipardes de Desempenho Municipal (IPDM)",0.6515,0.6546,0.6315,0.6512,0.6559,0.6302,0.6139,0.6876,0.7196
"306","Ribeirão do Pinhal","Índice Ipardes de Desempenho Municipal (IPDM)",0.5417,0.5557,0.5631,0.5858,0.6392,0.633,0.6319,0.6452,0.6553
"307","Rio Azul","Índice Ipardes de Desempenho Municipal (IPDM)",0.5835,0.6095,0.5824,0.622,0.6295,0.6606,0.6675,0.6993,0.7043
"308","Rio Bom","Índice Ipardes de Desempenho Municipal (IPDM)",0.6945,0.6873,0.6575,0.7185,0.709,0.7341,0.7158,0.7245,0.711
"309","Rio Bonito do Iguaçu","Índice Ipardes de Desempenho Municipal (IPDM)",0.5843,0.6139,0.5386,0.5808,0.5825,0.5772,0.5541,0.6298,0.624
"310","Rio Branco do Ivaí","Índice Ipardes de Desempenho Municipal (IPDM)",0.5077,0.5639,0.5545,0.6003,0.6231,0.6886,0.6087,0.6472,0.6679
"311","Rio Branco do Sul","Índice Ipardes de Desempenho Municipal (IPDM)",0.4373,0.4732,0.4602,0.4936,0.5545,0.6117,0.6295,0.6555,0.6612
"312","Rio Negro","Índice Ipardes de Desempenho Municipal (IPDM)",0.6022,0.6137,0.6305,0.6911,0.7207,0.7412,0.7484,0.7612,0.7686
"313","Rolândia","Índice Ipardes de Desempenho Municipal (IPDM)",0.7076,0.715,0.7184,0.7318,0.7257,0.7332,0.7386,0.7548,0.7542
"314","Roncador","Índice Ipardes de Desempenho Municipal (IPDM)",0.5537,0.6201,0.6192,0.6265,0.6378,0.6316,0.6413,0.6433,0.6903
"315","Rondon","Índice Ipardes de Desempenho Municipal (IPDM)",0.6741,0.727,0.7161,0.7813,0.7318,0.7251,0.6686,0.6944,0.6966
"316","Rosário do Ivaí","Índice Ipardes de Desempenho Municipal (IPDM)",0.4947,0.5556,0.6035,0.6221,0.6298,0.6374,0.6807,0.7188,0.6672
"317","Sabáudia","Índice Ipardes de Desempenho Municipal (IPDM)",0.6541,0.7101,0.6716,0.7604,0.7826,0.7722,0.7816,0.7991,0.7948
"318","Salgado Filho","Índice Ipardes de Desempenho Municipal (IPDM)",0.5711,0.6356,0.6311,0.694,0.6958,0.683,0.677,0.7029,0.7293
"319","Salto do Itararé","Índice Ipardes de Desempenho Municipal (IPDM)",0.6021,0.5812,0.6104,0.6098,0.6333,0.5799,0.5958,0.652,0.6679
"320","Salto do Lontra","Índice Ipardes de Desempenho Municipal (IPDM)",0.5671,0.6392,0.6429,0.6965,0.6661,0.6592,0.6445,0.7002,0.7146
"321","Santa Amélia","Índice Ipardes de Desempenho Municipal (IPDM)",0.5823,0.5215,0.515,0.5558,0.5911,0.6453,0.6735,0.6819,0.6771
"322","Santa Cecília do Pavão","Índice Ipardes de Desempenho Municipal (IPDM)",0.4773,0.5539,0.5226,0.6663,0.6477,0.649,0.6035,0.6582,0.6417
"323","Santa Cruz de Monte Castelo","Índice Ipardes de Desempenho Municipal (IPDM)",0.5934,0.6388,0.607,0.6242,0.6412,0.6526,0.6437,0.6189,0.5911
"324","Santa Fé","Índice Ipardes de Desempenho Municipal (IPDM)",0.585,0.6022,0.5686,0.6326,0.6356,0.6847,0.6759,0.7291,0.7398
"325","Santa Helena","Índice Ipardes de Desempenho Municipal (IPDM)",0.6541,0.6905,0.6757,0.7201,0.7206,0.7578,0.7537,0.7533,0.7338
"326","Santa Inês","Índice Ipardes de Desempenho Municipal (IPDM)",0.6504,0.5872,0.6323,0.667,0.6929,0.7205,0.6561,0.631,0.6483
"327","Santa Isabel do Ivaí","Índice Ipardes de Desempenho Municipal (IPDM)",0.6345,0.6764,0.6762,0.6695,0.6561,0.6558,0.6623,0.646,0.6421
"328","Santa Izabel do Oeste","Índice Ipardes de Desempenho Municipal (IPDM)",0.652,0.6745,0.6747,0.6909,0.6869,0.682,0.6834,0.7207,0.7298
"329","Santa Lúcia","Índice Ipardes de Desempenho Municipal (IPDM)",0.6332,0.6035,0.6198,0.638,0.63,0.6395,0.6299,0.6676,0.6779
"330","Santa Maria do Oeste","Índice Ipardes de Desempenho Municipal (IPDM)",0.4034,0.4597,0.4687,0.5456,0.549,0.5507,0.5103,0.5078,0.5078
"331","Santa Mariana","Índice Ipardes de Desempenho Municipal (IPDM)",0.5328,0.5255,0.5277,0.5404,0.5703,0.5836,0.6282,0.6975,0.7027
"332","Santa Mônica","Índice Ipardes de Desempenho Municipal (IPDM)",0.6153,0.6208,0.6282,0.6319,0.6509,0.6328,0.6237,0.6741,0.6849
"333","Santa Tereza do Oeste","Índice Ipardes de Desempenho Municipal (IPDM)",0.617,0.6536,0.6459,0.6634,0.6535,0.6437,0.6678,0.68,0.6915
"334","Santa Terezinha de Itaipu","Índice Ipardes de Desempenho Municipal (IPDM)",0.6716,0.6879,0.6619,0.6554,0.6589,0.6894,0.6915,0.7076,0.719
"335","Santana do Itararé","Índice Ipardes de Desempenho Municipal (IPDM)",0.5119,0.5521,0.5607,0.5866,0.5948,0.5887,0.6433,0.6386,0.6301
"336","Santo Antônio da Platina","Índice Ipardes de Desempenho Municipal (IPDM)",0.5834,0.5805,0.5765,0.622,0.645,0.6649,0.6711,0.6837,0.6783
"337","Santo Antônio do Caiuá","Índice Ipardes de Desempenho Municipal (IPDM)",0.6435,0.6031,0.5915,0.6318,0.6671,0.6836,0.6901,0.6917,0.7039
"338","Santo Antônio do Paraíso","Índice Ipardes de Desempenho Municipal (IPDM)",0.6003,0.5954,0.5795,0.6219,0.6189,0.5548,0.5855,0.5642,0.5623
"339","Santo Antônio do Sudoeste","Índice Ipardes de Desempenho Municipal (IPDM)",0.579,0.6288,0.632,0.6503,0.6325,0.6496,0.6925,0.722,0.7024
"340","Santo Inácio","Índice Ipardes de Desempenho Municipal (IPDM)",0.6729,0.7297,0.7387,0.7295,0.726,0.75,0.7529,0.7883,0.7857
"341","São Carlos do Ivaí","Índice Ipardes de Desempenho Municipal (IPDM)",0.6111,0.6821,0.6992,0.732,0.7258,0.7473,0.7693,0.7095,0.663
"342","São Jerônimo da Serra","Índice Ipardes de Desempenho Municipal (IPDM)",0.3438,0.4122,0.4382,0.4764,0.502,0.5267,0.5177,0.4923,0.5163
"343","São João","Índice Ipardes de Desempenho Municipal (IPDM)",0.6652,0.6331,0.6742,0.7322,0.7589,0.7726,0.759,0.754,0.7607
"344","São João do Caiuá","Índice Ipardes de Desempenho Municipal (IPDM)",0.5258,0.5215,0.5733,0.5721,0.6085,0.6526,0.6735,0.6496,0.6657
"345","São João do Ivaí","Índice Ipardes de Desempenho Municipal (IPDM)",0.5865,0.6274,0.6301,0.6515,0.6413,0.6403,0.6296,0.6265,0.6478
"346","São João do Triunfo","Índice Ipardes de Desempenho Municipal (IPDM)",0.4543,0.501,0.5118,0.5409,0.5433,0.5802,0.5841,0.6532,0.645
"347","São Jorge do Ivaí","Índice Ipardes de Desempenho Municipal (IPDM)",0.705,0.7209,0.7164,0.7011,0.7128,0.7299,0.725,0.7389,0.7196
"348","São Jorge do Patrocínio","Índice Ipardes de Desempenho Municipal (IPDM)",0.6662,0.6534,0.6486,0.7118,0.6767,0.6979,0.684,0.7162,0.7077
"349","São Jorge d'Oeste","Índice Ipardes de Desempenho Municipal (IPDM)",0.6425,0.7,0.6625,0.7058,0.7066,0.7024,0.7067,0.7063,0.7547
"350","São José da Boa Vista","Índice Ipardes de Desempenho Municipal (IPDM)",0.641,0.6219,0.5882,0.6152,0.6364,0.5688,0.5984,0.6468,0.6702
"351","São José das Palmeiras","Índice Ipardes de Desempenho Municipal (IPDM)",0.599,0.5226,0.5106,0.6071,0.6301,0.6094,0.5952,0.6402,0.6649
"352","São José dos Pinhais","Índice Ipardes de Desempenho Municipal (IPDM)",0.6362,0.6486,0.6438,0.6913,0.7164,0.7355,0.7405,0.7725,0.7717
"353","São Manoel do Paraná","Índice Ipardes de Desempenho Municipal (IPDM)",0.7259,0.7288,0.7273,0.754,0.7519,0.7062,0.7365,0.6658,0.7362
"354","São Mateus do Sul","Índice Ipardes de Desempenho Municipal (IPDM)",0.6597,0.6776,0.6651,0.6754,0.6989,0.7119,0.7402,0.7474,0.7604
"355","São Miguel do Iguaçu","Índice Ipardes de Desempenho Municipal (IPDM)",0.6407,0.654,0.6433,0.6817,0.6686,0.6623,0.6635,0.6933,0.6824
"356","São Pedro do Iguaçu","Índice Ipardes de Desempenho Municipal (IPDM)",0.5103,0.5317,0.5178,0.5847,0.5837,0.5971,0.647,0.6878,0.6926
"357","São Pedro do Ivaí","Índice Ipardes de Desempenho Municipal (IPDM)",0.6834,0.7109,0.7069,0.7429,0.7151,0.6989,0.7026,0.7008,0.7062
"358","São Pedro do Paraná","Índice Ipardes de Desempenho Municipal (IPDM)",0.683,0.6879,0.6944,0.6568,0.6484,0.5362,0.5633,0.6741,0.6881
"359","São Sebastião da Amoreira","Índice Ipardes de Desempenho Municipal (IPDM)",0.5603,0.5436,0.547,0.6139,0.6082,0.6275,0.5931,0.6274,0.6419
"360","São Tomé","Índice Ipardes de Desempenho Municipal (IPDM)",0.7035,0.7207,0.6831,0.7373,0.7303,0.7618,0.7365,0.7383,0.7573
"361","Sapopema","Índice Ipardes de Desempenho Municipal (IPDM)",0.4723,0.4886,0.4694,0.4838,0.5048,0.4906,0.5439,0.6087,0.6149
"362","Sarandi","Índice Ipardes de Desempenho Municipal (IPDM)",0.5834,0.5864,0.5775,0.602,0.6247,0.6327,0.6434,0.6576,0.6701
"363","Saudade do Iguaçu","Índice Ipardes de Desempenho Municipal (IPDM)",0.6549,0.6902,0.6694,0.7134,0.7731,0.7542,0.7767,0.7699,0.7863
"364","Sengés","Índice Ipardes de Desempenho Municipal (IPDM)",0.5574,0.5954,0.6072,0.6301,0.6381,0.6402,0.649,0.6986,0.7031
"365","Serranópolis do Iguaçu","Índice Ipardes de Desempenho Municipal (IPDM)",0.7275,0.6917,0.6574,0.7018,0.736,0.7123,0.7203,0.7492,0.7435
"366","Sertaneja","Índice Ipardes de Desempenho Municipal (IPDM)",0.6535,0.6561,0.6869,0.683,0.7185,0.7376,0.7274,0.7333,0.7171
"367","Sertanópolis","Índice Ipardes de Desempenho Municipal (IPDM)",0.6838,0.6864,0.6861,0.6684,0.7105,0.7243,0.7205,0.75,0.7555
"368","Siqueira Campos","Índice Ipardes de Desempenho Municipal (IPDM)",0.6213,0.6371,0.6568,0.683,0.6935,0.7085,0.7208,0.7351,0.7403
"369","Sulina","Índice Ipardes de Desempenho Municipal (IPDM)",0.4869,0.4965,0.4843,0.6014,0.6576,0.7173,0.6825,0.7077,0.7087
"370","Tamarana","Índice Ipardes de Desempenho Municipal (IPDM)",0.5724,0.5753,0.5787,0.5509,0.516,0.5511,0.5473,0.5614,0.5523
"371","Tamboara","Índice Ipardes de Desempenho Municipal (IPDM)",0.5942,0.5865,0.6434,0.6371,0.6443,0.6334,0.6324,0.6825,0.7017
"372","Tapejara","Índice Ipardes de Desempenho Municipal (IPDM)",0.6653,0.6848,0.71,0.732,0.7209,0.7292,0.7473,0.7446,0.7607
"373","Tapira","Índice Ipardes de Desempenho Municipal (IPDM)",0.6037,0.5983,0.5915,0.5999,0.5929,0.6312,0.6364,0.6871,0.6522
"374","Teixeira Soares","Índice Ipardes de Desempenho Municipal (IPDM)",0.5141,0.5536,0.4854,0.5609,0.586,0.6374,0.6215,0.6183,0.6287
"375","Telêmaco Borba","Índice Ipardes de Desempenho Municipal (IPDM)",0.6096,0.6349,0.5945,0.6759,0.685,0.704,0.7083,0.7507,0.747
"376","Terra Boa","Índice Ipardes de Desempenho Municipal (IPDM)",0.7031,0.7071,0.7127,0.7365,0.7407,0.7458,0.7595,0.7994,0.7886
"377","Terra Rica","Índice Ipardes de Desempenho Municipal (IPDM)",0.6857,0.7154,0.713,0.7163,0.6827,0.6864,0.6914,0.7262,0.737
"378","Terra Roxa","Índice Ipardes de Desempenho Municipal (IPDM)",0.5954,0.5937,0.5901,0.6194,0.6202,0.6291,0.6554,0.692,0.6984
"379","Tibagi","Índice Ipardes de Desempenho Municipal (IPDM)",0.5497,0.5897,0.5873,0.5861,0.5859,0.6042,0.6235,0.654,0.6479
"380","Tijucas do Sul","Índice Ipardes de Desempenho Municipal (IPDM)",0.5179,0.5561,0.536,0.5909,0.602,0.6561,0.6932,0.6611,0.6567
"381","Toledo","Índice Ipardes de Desempenho Municipal (IPDM)",0.7404,0.7424,0.7331,0.7715,0.7865,0.8019,0.8229,0.8401,0.8317
"382","Tomazina","Índice Ipardes de Desempenho Municipal (IPDM)",0.6004,0.6023,0.5951,0.5952,0.5974,0.6525,0.6404,0.6643,0.6875
"383","Três Barras do Paraná","Índice Ipardes de Desempenho Municipal (IPDM)",0.5343,0.6004,0.6083,0.658,0.676,0.7023,0.7176,0.7136,0.7175
"384","Tunas do Paraná","Índice Ipardes de Desempenho Municipal (IPDM)",0.393,0.4551,0.4394,0.4698,0.4942,0.5773,0.5519,0.5526,0.5132
"385","Tuneiras do Oeste","Índice Ipardes de Desempenho Municipal (IPDM)",0.5979,0.6214,0.5751,0.5896,0.6324,0.6541,0.6622,0.6998,0.671
"386","Tupãssi","Índice Ipardes de Desempenho Municipal (IPDM)",0.6881,0.6852,0.6837,0.6938,0.702,0.7176,0.7338,0.7559,0.7621
"387","Turvo","Índice Ipardes de Desempenho Municipal (IPDM)",0.5194,0.5511,0.5002,0.5618,0.5543,0.6054,0.6022,0.672,0.6293
"388","Ubiratã","Índice Ipardes de Desempenho Municipal (IPDM)",0.6295,0.6655,0.6891,0.7291,0.7463,0.7591,0.748,0.7842,0.7973
"389","Umuarama","Índice Ipardes de Desempenho Municipal (IPDM)",0.6427,0.6697,0.6807,0.6826,0.6836,0.6912,0.6891,0.7195,0.738
"390","União da Vitória","Índice Ipardes de Desempenho Municipal (IPDM)",0.7023,0.6633,0.6585,0.7028,0.7119,0.7022,0.7164,0.754,0.7574
"391","Uniflor","Índice Ipardes de Desempenho Municipal (IPDM)",0.6397,0.6956,0.5361,0.5437,0.5359,0.6708,0.6622,0.7311,0.7375
"392","Uraí","Índice Ipardes de Desempenho Municipal (IPDM)",0.6046,0.6362,0.6133,0.6272,0.6453,0.667,0.684,0.6471,0.6684
"393","Ventania","Índice Ipardes de Desempenho Municipal (IPDM)",0.3706,0.4499,0.4849,0.5793,0.5597,0.5981,0.6087,0.6606,0.6388
"394","Vera Cruz do Oeste","Índice Ipardes de Desempenho Municipal (IPDM)",0.6062,0.6116,0.6111,0.6505,0.6715,0.6791,0.6607,0.6812,0.6775
"395","Verê","Índice Ipardes de Desempenho Municipal (IPDM)",0.6369,0.6904,0.6901,0.7064,0.6997,0.7062,0.7117,0.7397,0.7717
"396","Virmond","Índice Ipardes de Desempenho Municipal (IPDM)",0.564,0.6172,0.5927,0.5989,0.7259,0.7152,0.7191,0.7062,0.75
"397","Vitorino","Índice Ipardes de Desempenho Municipal (IPDM)",0.6733,0.6522,0.6307,0.6351,0.6735,0.6743,0.7059,0.7155,0.7346
"398","Wenceslau Braz","Índice Ipardes de Desempenho Municipal (IPDM)",0.5217,0.5556,0.5651,0.5937,0.614,0.599,0.606,0.679,0.6816
"399","Xambrê","Índice Ipardes de Desempenho Municipal (IPDM)",0.52,0.5308,0.5397,0.5899,0.5894,0.584,0.5884,0.6641,0.6698
